"Y","X1","X2","X3","X4","X5","X6","X7","X8","X9","X10","X11","X12","X13","X14","X15"
11.93,10,4,15.5,0,11.1,31,3.6,39.8,45,3,366,9,2.95,247.79,3
11.75333,21,7,15.4,0,13.8,23,3.9,44.8,1,3,711,8,1.99,184.94,11
10.90857,11,14,15.8,3,11.4,22,3.8,18.1,2,3,434,10,4.94,574.19,4
9.35,21,5,16.4,2,15.4,29,3.4,38.6,0,2,995,6,0.8,62.41,8
8.98,19,13,16.1,1,12.8,17,3.6,36.3,0,3,617,7,1.86,129.14,2
11.255,12,11,16,1,14,21,3.7,52.7,0,3,306,10,1.11,134.45,1
11.72,16,14,15.6,2,10.7,21,3.8,35.5,46,2,553,7,0.28,33.32,10
12.425,7,7,14.8,0,12.9,24,3.4,27.1,2,4,296,10,3.17,304.54,11
11.755,22,2,17.7,4,13.2,26,3.3,37.3,0,4,537,11,2.66,201.18,2
11.81666,16,5,15,1,11.8,24,3.6,41.5,1,3,656,8,1.09,206.16,1
12.5375,23,11,16.3,0,15.8,19,3.2,48.7,0,3,634,8,4.21,402.01,11
9.3075,17,13,16.7,2,17.4,21,3.8,32.3,1,3,487,9,3.8,490.76,9
13.37333,15,11,16.1,1,11.1,17,4,35.4,4,4,391,10,1.83,210.94,1
13.08,23,4,16.6,0,14.4,21,3.8,25.4,0,4,628,11,0.46,46.86,7
10.985,21,3,16.7,1,10.9,20,3.7,28.3,24,4,708,10,1.05,58.56,15
12.53,16,14,15.3,1,7.8,19,4.1,36.2,1,3,707,8,1.66,100.36,6
11.069,13,11,16.3,1,17.2,20,3.7,34.4,132,3,1164,9,9.48,864.9,2
10.175,13,11,17.4,2,18.6,23,4,29.1,3,2,373,7,0.34,77.49,2
9.68,5,13,17,5,19.1,21,3.7,27.1,0,2,416,6,0.41,33.73,11
9.6375,23,13,15.1,5,11.9,24,3.6,44.5,1,4,1026,10,3.79,280.2,7
12.18888,19,2,16.7,4,9.6,27,4,32.3,1,3,1046,9,7.13,573.01,13
12.56,21,2,15.9,1,12.3,22,3.8,32.5,41,4,1140,9,7.58,937.72,11
9.99,13,2,18.6,4,17.1,30,3.9,29.5,0,2,854,7,1.79,104.3,8
12.65,21,2,15.6,0,13.7,17,4.1,32.8,1,3,602,8,0.27,113.3,7
13.15833,2,5,15.3,0,11.7,25,3.6,40.6,63,2,865,8,2.99,383.95,9
11.662,16,4,15.4,1,11.7,16,3.6,47.6,1,4,597,9,3.06,512.19,9
10.47333,20,13,14.6,2,11.9,23,3.6,35.2,1,2,657,6,2.07,319.58,13
10.80428,21,3,15.1,3,9.2,20,4.1,30.7,2,2,1058,7,5.25,449.5,8
12.81,14,11,16.1,2,12.6,22,3.7,32.5,38,3,418,10,1.52,161.51,15
9.62,24,3,15.8,1,10.5,20,4,42.7,0,3,412,10,2.02,82.56,13
12.975,16,5,15.2,3,8.8,22,3.8,38.6,0,3,347,8,0.72,82.98,11
13.57,16,11,16,0,11.4,16,3.5,30.3,0,4,825,10,1.67,136.63,10
11.872,23,7,15.6,1,10,23,3.8,44.8,36,3,1091,8,2.49,252.62,7
12.22,16,1,15.2,0,9.2,10,3.9,37.9,0,3,690,8,0.14,61.56,3
12.40333,7,3,16.7,2,11.7,23,3.9,31.9,4,5,915,11,0.78,67.8,15
11.36333,14,14,14.7,1,12.2,21,3.6,25,15,2,726,7,4.31,527.77,7
11.58,24,2,16.2,4,7.4,30,3.9,39.7,0,5,888,11,0.48,22.5,7
11.70666,7,13,15.5,6,14.7,24,3.8,47.4,0,3,346,9,0.83,103.11,15
10.19,13,1,16,2,11.3,20,4,30.3,0,3,921,8,0.48,33.2,5
10.14,12,14,16.3,0,14.1,19,3.8,35.8,0,3,1008,7,0.3,39.93,2
11.165,16,5,15.9,2,17.4,19,4,29.3,17,3,1166,8,1.91,227.02,2
10.59333,22,11,16,1,12.7,21,3.7,17.3,103,4,766,9,8.3,974.17,2
9.986666,16,9,15.8,1,10.9,24,3.5,31.1,1,3,452,9,1.56,299.21,10
10.36181,12,14,15.8,2,10.8,17,3.9,33.3,26,2,620,7,8.74,1060.02,9
11.65,5,7,16.4,3,15.1,21,3.6,36.8,2,4,517,11,8.3,685.22,15
10.715,19,13,16,3,10.7,21,3.5,51.5,115,3,419,8,3.61,251.4,13
11.07666,6,2,17.7,7,15.6,22,3.8,30.9,0,4,1066,11,3.8,289.43,15
11.626,24,7,15.5,0,10.3,21,3.8,29,5,3,768,7,4.04,425.34,13
12.05,16,3,15.6,4,14,26,3.9,37.7,0,4,1495,8,0.67,34.01,3
11.185,2,1,15.8,2,9.8,22,3.8,44.4,1,2,1665,7,0.96,89.41,15
12.68333,14,14,14.7,0,10.8,19,3.8,39.5,1,3,469,8,0.48,271.04,7
11.34,6,5,15.2,3,7,30,3.7,41.2,33,1,948,7,2.24,273.62,3
11.58,12,8,16.2,4,13.9,24,3.5,21.6,1,2,930,10,2.51,291.63,14
11.705,10,9,16.1,2,14,19,3.9,31.9,2,4,895,9,6.1,495.98,3
12.60333,21,7,15.4,2,13.2,23,3.6,35.7,13,3,348,10,4.34,333.88,11
13.2,14,3,16,0,15.7,8,3.6,38,0,2,846,8,0.13,31.53,15
10.59,7,7,14.8,1,8.4,14,3.9,33.4,0,3,569,8,0.34,44.5,15
10.398,16,14,15,1,10.9,15,3.9,39.2,25,2,1030,7,2.72,354.33,3
11.61,16,14,14.8,1,11.1,23,3.8,35.6,0,3,961,8,0.35,80.74,12
10.24,21,6,16.1,4,12.3,26,4,35.2,0,3,858,7,0.59,42.54,11
13.695,1,11,16.2,2,13.5,20,3.8,46.3,0,3,665,10,2.5,237.63,1
13.05,23,7,15.6,3,9.9,18,3.7,32.2,0,4,825,11,2.92,182.01,7
13.97,13,13,16,2,9.1,27,3.6,34,0,4,342,10,0.36,23.65,10
12.235,11,3,16.1,4,10.5,21,3.9,46.7,40,3,862,8,0.69,163.37,4
9.768,24,13,16.1,3,7,17,3.8,53.2,17,3,1080,10,2.53,169.85,9
9.794,2,14,16.8,3,17.4,19,3.9,29.5,1,2,970,6,2.65,371,15
10.35,4,11,16.6,1,11.3,24,3.9,35.1,1,3,413,7,2.29,238.18,13
10.12,23,13,16.1,4,12.8,23,3.7,36.8,1,3,681,10,2.77,253.65,7
13.90333,19,5,15.8,0,16.6,15,3.4,41.1,0,3,614,8,4.18,190.55,13
12.34,16,12,15.8,0,12.8,22,3.6,29.3,1,3,1038,9,4.55,616.59,2
13.96857,23,7,15.3,0,12.6,26,3.4,33.4,89,3,482,9,5.81,475.08,7
14.22,7,5,16.3,3,13.4,21,3.8,17.3,0,3,1286,9,1.1,106.66,15
12.44,14,2,16,3,10.7,23,3.8,29.8,0,4,819,10,2.38,294.99,15
11.42,21,2,16,4,10.2,14,3.9,38.1,0,3,365,7,3.46,52.79,8
10.94,21,7,16.2,2,13.9,23,3.8,34.2,0,4,858,10,0.47,35.16,11
13.43,7,11,16.2,1,13.4,18,3.9,49.5,0,4,997,11,0.3,36.37,11
11.28,2,7,15.6,3,9.9,18,3.7,28.9,0,3,817,9,1.13,134.47,14
14.11,7,5,16.4,2,15.9,20,3.5,28.5,0,5,587,11,1.94,85.54,4
11.22333,16,6,18.7,0,17.2,17,3.9,41.8,3,3,476,7,3.84,117.81,6
11.67,21,2,16,1,14.1,26,3.8,33.9,0,3,605,8,0.32,48.03,8
10.90285,21,7,16.6,2,10.3,20,3.7,29.7,1,2,869,6,6.36,697.67,4
13.22,2,14,16.5,0,16.3,22,4,46.5,0,4,769,11,0.95,53.11,9
13.56666,16,8,16.5,1,15.3,27,4,30.9,1,3,510,11,3.99,511.39,14
16.25,9,9,16.3,2,14.7,24,4,43.3,0,3,1281,8,3.91,144.67,12
11.42,13,1,15.2,0,11.8,23,3.9,29.6,0,2,472,8,0.09,7.66,5
11.12833,23,13,16.4,0,16.7,20,4,37,2,4,698,11,3.57,354.39,7
11.87111,21,14,15.1,3,10.8,24,3.5,44.3,111,3,818,9,6.21,774.07,4
11.8,1,11,15.2,0,10.5,23,3.9,26.6,0,3,350,9,0.49,47.61,1
11.12,13,2,17.7,4,15.4,18,3.6,45,1,4,925,11,1.72,179.55,5
10.45,16,6,15.8,6,10.7,23,3.7,36.8,0,3,368,7,1.35,59.97,3
13.29,21,5,15.4,2,10.7,24,3.2,29.6,0,3,821,8,3.03,348.39,8
13.85461,16,9,17.6,0,14.5,23,3.8,24.8,3,3,518,7,7.51,998.08,12
12.38,23,6,17,4,16.2,28,3.8,37,0,4,776,11,0.78,72.17,7
13.544,21,4,15.9,2,12.9,24,3.8,36.4,41,4,643,10,3.48,288.93,6
11.18,14,13,15.7,4,15.2,18,3.8,41,0,3,496,7,2.12,173.87,9
13.35333,21,6,15.8,4,12.2,20,3.7,31.2,2,3,751,10,3.2,176.41,6
11.296,16,13,16.6,5,11.1,20,4,35.5,0,4,875,11,3.44,184.27,1
11.38,12,13,16.4,5,14.5,27,3.6,43.8,0,4,873,11,0.87,107.74,1
13.58,19,5,16,1,12.5,18,4.2,46.7,0,4,652,11,2.09,135.78,5
12.67,7,14,15.3,3,11.8,23,3.7,37.4,0,3,559,7,1.02,45.03,15
11.56333,5,13,16.4,6,13.9,24,3.8,49.2,2,4,796,11,4.54,290.88,4
12.93,16,9,15.8,1,12.6,19,3.7,50.5,45,2,485,7,0.89,93.27,12
11.79,2,2,16,3,9.3,24,4,25.4,0,3,576,10,0.56,65.92,10
11.38,21,5,15.8,2,13.3,22,3.9,34.3,25,3,844,10,1,59.9,11
12.5125,16,5,16.4,5,15,32,3.7,25.5,3,4,900,11,2.18,264.94,1
12.27,23,11,15.3,0,13.1,20,3.8,29.5,0,2,346,7,0.81,50.71,7
8.003333,16,14,15.7,1,14.4,16,3.4,32.3,0,3,707,9,1.37,211.91,10
12.55428,21,5,15.3,2,11.2,18,3.6,39.1,6,2,465,7,4.02,451.13,4
10.94,3,14,15.3,2,12.9,20,4.1,33.1,0,2,1162,7,2.18,137.2,13
8.64,2,3,18.1,4,13.8,26,3.8,36.2,0,2,391,6,0.76,81.81,9
12.72571,11,2,16.1,3,12.2,21,4.1,31.5,5,3,1005,10,4.23,417.1,4
12.17,3,11,16.1,0,15.5,31,3.7,31.1,1,4,930,10,2.21,277.49,3
11.4875,7,11,16.2,1,12.8,23,3.8,21.5,1,3,190,8,6.06,621.5,15
12.88333,13,14,15,0,9.3,18,3.7,24.5,9,3,672,8,3.37,329.37,5
9.902,17,13,15.5,3,15.8,17,3.9,29.4,99,3,506,8,4.32,275.96,9
12.808,13,11,16.2,2,11.3,19,4,33.1,1,3,1130,9,5.05,507.99,5
10.80666,2,5,16.6,2,12.5,17,3.9,31.4,1,2,560,6,2.42,339.96,9
10.68888,16,14,15.2,0,14,19,3.4,37.1,17,2,1030,8,4.49,689.36,2
13.14,16,7,14.8,3,14.5,24,4,35.2,2,3,307,10,3.09,298.19,6
10.76,14,14,14.7,1,12.4,25,3.5,35.9,0,4,771,9,1.62,134.53,9
12.08,21,3,15.8,4,8.8,23,3.6,34.1,0,4,992,10,3.27,95.47,8
10.18,21,7,16,2,9.2,24,3.5,24.3,0,4,867,10,1.03,54.23,11
11.13,11,2,17,2,15.8,27,3.7,19.7,0,3,1066,11,1.78,89.13,4
11.36,13,14,16.2,2,13.2,17,4.1,30.9,0,3,823,10,1.46,137.05,5
16.31333,16,3,16.6,0,16,16,3.6,28.6,3,3,470,9,3.71,370.68,12
9.643333,24,2,15.6,3,12.6,23,3.6,22.7,1,3,1311,10,1.62,156.66,9
12.6,17,2,16.5,3,16.3,21,3.6,29.8,1,3,492,9,6.48,379.21,9
8.27,16,8,16.6,1,15.7,18,3.3,39.4,17,2,611,7,0.68,120.21,10
10.37,16,5,16,2,14.8,24,3.9,36.9,4,2,219,7,1.99,245.12,10
12.77,12,11,15.8,2,11,26,4.2,38,3,3,378,10,1.13,111.76,1
10.2675,16,4,15,3,14.1,19,3.7,28.1,1,2,1321,7,2.75,205.14,14
12.165,2,14,14.9,2,10.8,25,3.8,48.3,0,3,951,10,1.12,78.74,14
10.84,16,5,16,2,11.3,18,3.9,36.9,0,3,654,8,0.26,51.49,6
11.33428,11,13,15.9,2,13.8,23,3.4,29.4,24,3,897,10,5.07,590.75,4
9.05,23,13,15,0,12.8,17,3.9,46.1,0,3,574,10,1.76,149.4,7
8.8,7,10,16.6,2,16.4,24,3.6,42.1,0,2,437,7,0.4,35.11,15
11.54714,12,13,16,4,13.9,19,3.9,23.3,13,3,791,8,4.64,461.53,1
11.22263,16,14,15.1,1,11.5,20,3.7,36.8,1,3,428,8,4.01,717.62,12
11.34,8,13,16.1,4,12.2,21,3.7,26.4,0,4,390,10,0.68,28.44,8
12.00666,21,2,16.9,2,13,24,3.6,40.8,36,3,437,10,1.83,198.36,11
9.79,20,13,16.4,2,13.8,18,3.9,40.2,0,4,218,11,0.39,38.07,15
12.85666,5,14,15.4,0,9.7,17,3.7,31.6,1,3,1224,9,4.74,440.95,4
11.6125,11,13,15.9,0,13,15,3.8,34.7,3,2,665,7,5.73,573.67,4
12.015,13,5,15.9,0,14.5,24,3.7,38.8,1,3,594,9,2.34,172.34,3
13.57,14,1,16.2,0,13.6,21,3.8,34.3,0,4,904,10,0.88,39.04,15
14.26333,23,2,16.2,6,10.7,32,3.9,12.1,2,5,969,11,2.85,165.44,10
8.55,16,10,15.5,0,10.2,20,3.6,44,0,3,366,7,0.91,102.23,14
13.15,13,11,15.8,1,9.3,18,3.8,40.6,0,3,747,10,0.24,20.57,5
13.965,9,1,15.7,3,12.6,20,3.9,38.3,0,2,704,6,1.34,119.47,12
10.85,13,13,15.9,3,11.2,24,3.9,41.5,121,2,955,9,3.91,169.74,9
13.33,14,5,15.4,0,9.4,24,3.8,40.5,1,4,518,8,2.04,240.55,11
10.5325,21,7,17.7,1,13.4,17,3.6,38.3,1,2,994,6,3.54,367.63,15
11.564,21,5,16.3,5,15.4,22,3.1,36.1,1,4,260,11,3.72,427.95,11
11.36,16,4,15.8,6,11.5,20,3.7,35.7,0,2,910,7,0.35,35.21,14
11.47,13,2,16.2,4,13.9,29,3.8,46.9,1,3,1149,10,1.89,148.58,5
12.72,16,7,17.2,0,16.6,20,3.6,46.3,0,2,657,6,0.96,137.85,6
8.515,16,14,15,1,12.6,18,3.9,43.2,2,4,914,10,3.23,436.49,1
12.07,19,5,16.3,5,11.2,23,3.9,43.7,0,4,688,9,1.24,81.39,5
11.305,6,14,15,1,12.2,19,3.6,40.9,0,2,483,7,1.34,177.42,3
11.44666,12,14,15.2,3,15,16,3.4,34.8,4,4,1075,10,3.22,255.27,2
11.17,6,13,15.2,4,12.7,25,4.1,35.1,0,3,721,10,1.06,117.07,15
11.0975,5,13,16.3,4,13.7,24,3.8,44,0,4,590,11,2.72,305.35,11
12.232,2,14,15.6,0,11.5,24,3.9,31.3,2,3,803,9,4.11,492.21,1
13.95368,12,4,15.4,3,10.8,21,3.8,26.8,4,3,635,9,13.97,1396.97,6
12.456,20,4,16.1,3,13,17,3.7,29.7,3,3,435,9,9.66,929.25,4
11.8825,2,2,16.1,3,12.3,21,3.7,30.9,1,3,476,10,6.05,654.81,15
15.0245,16,4,14.5,2,11.6,21,3.6,25.8,2,2,690,8,6.79,746.53,12
11.59666,14,13,16.4,5,12.2,22,3.9,38.5,1,4,585,11,2.32,336.48,9
13.23,16,9,16.9,3,11.6,23,3.5,33.4,0,3,308,10,0.46,44.32,12
9.74,21,13,16,3,15.5,22,3.9,44.6,28,4,303,10,2.72,168.47,2
11.5025,2,2,16,1,11.5,22,3.7,50.7,1,3,523,8,2.67,268.59,9
11.85,23,5,16.6,3,12.6,22,4,41.1,0,4,728,11,0.98,18.01,7
10.5675,24,7,16.6,3,13.6,22,3.8,41,0,4,207,11,3.33,147.67,13
14.8,18,8,15.6,0,12.9,11,3.9,31.3,0,3,690,8,0.3,65.61,12
12.355,13,14,15.9,1,16.3,15,3.8,34.4,15,3,431,9,5.06,320.16,3
13.79,21,7,14.8,3,12,24,3.8,53.6,0,2,309,7,0.59,38.05,15
10.49,16,5,15.4,0,11.7,18,3.9,48,0,3,614,9,0.4,32.87,3
12.575,14,11,16.7,2,16.2,25,3.3,36.3,32,2,1591,7,3.57,173.73,11
12.31333,16,14,15,1,8.6,23,3.9,35,3,2,656,7,4.68,593.99,12
12.80333,17,11,16.9,2,16.1,15,4,40.5,26,3,1138,9,2.22,206.58,9
9.511428,16,14,16.2,1,14,18,3.5,14.6,5,3,519,10,5.91,768.94,4
10.92,24,11,15.2,1,13.9,19,3.9,22.9,1,2,560,8,2.31,273.75,13
10.23,13,13,15.5,3,17.4,19,3.7,25.3,28,3,234,7,3.76,510.06,8
12.83666,16,5,15,3,12.6,26,3.9,29.7,0,2,683,7,1.82,184.77,1
12.724,2,2,16.2,6,9.2,24,3.8,34.3,88,2,814,9,3.32,264.07,9
12.425,14,13,15.3,3,15.7,23,3.6,34.4,3,3,1026,9,0.96,112.81,15
11.29,19,13,16.1,3,13,28,3.4,30.5,0,2,725,7,1.26,108.02,5
8.86,21,13,14.6,4,10.8,21,4,33.5,1,2,1108,6,4.54,178.35,8
12.47666,16,5,16.4,4,12.9,24,3.8,44.1,1,3,514,11,2.52,201.63,10
10.89666,16,11,15.6,1,13.2,20,3.8,46.7,1,2,854,7,1.34,225.52,1
11.73,7,4,15.1,3,10.7,19,3.9,43,0,3,968,7,0.83,77.06,15
12.31,16,8,15.8,0,13.7,16,3.9,32.2,0,3,1118,8,0.62,87.4,14
13.05,16,1,17.6,2,14.7,15,3.9,36.3,0,4,601,11,0.24,45.63,10
11.93,23,7,15.2,3,13.4,25,3.5,27.3,0,3,1184,10,0.37,10.74,7
11.55285,2,5,15.4,4,12.4,24,3.9,47.9,2,2,379,7,7.41,676.58,15
9.843333,23,1,15.8,2,11.7,20,3.8,39.1,3,2,663,8,1.85,176.08,10
12.8375,13,4,15.4,1,10.5,24,3.5,30,1,2,431,9,3.72,359.34,5
13.03,13,5,16.7,3,10.7,16,3.8,26.9,0,3,906,9,0.22,23.49,5
13.188,12,5,15.6,2,9.9,20,3.4,45.7,64,4,979,10,6.54,610.49,1
13.31571,13,7,14.3,2,9.9,23,3.3,34,2,3,1118,8,5.53,578.93,8
10.89,13,3,18.3,2,15.4,26,3.8,44.1,0,2,245,6,0.93,98.46,5
11.876,7,11,15.9,0,10.3,19,4.1,33.2,25,3,238,7,0.99,251.47,15
11.17,16,11,16,1,9.8,20,3.7,37,1,3,613,8,0.41,92.74,10
11.83666,7,13,16.3,3,14.4,19,4,29.5,30,3,374,9,2.68,233.77,8
13.6,16,4,16.2,5,16.1,25,3.8,27.6,0,5,1587,11,1.09,109.59,6
11.95,23,13,15.8,0,12.6,24,2.7,29.1,77,3,467,9,4.58,383.99,7
13.24666,24,5,16.3,3,9.8,23,3.9,44.2,2,2,1172,7,2.8,188.37,13
12.92,16,11,15.9,0,12.6,18,3.8,26.4,0,2,1065,8,0.24,23.73,1
13.64,11,7,15.7,0,14.1,11,4,33.4,1,3,972,8,1.25,172.36,4
12.73,12,5,16.1,4,10.2,22,3.9,42.9,0,4,1293,11,0.53,26.28,1
10.485,12,5,15.6,5,12.5,19,4.1,40.7,0,2,851,6,1.9,146.16,10
13.36,16,5,16.2,3,12,18,3.8,28.4,0,4,555,10,0.74,49.94,12
12.35333,24,13,17.3,4,14.4,24,3.8,44.9,77,3,531,8,2.08,131.47,7
15.61,2,7,16.2,0,12.1,21,3.4,38.4,0,3,790,11,0.42,38.56,9
10.08,13,7,18.6,4,19.9,24,3.7,30.1,0,2,527,7,0.83,110.04,8
11.57,15,10,15.2,2,11.4,21,3.7,34.9,103,2,447,8,0.99,71.44,7
11.77,7,14,16,3,12.7,25,4.1,35.8,0,3,1031,7,1.26,102.21,15
10.56,5,13,16.8,0,9.1,20,3.9,47.4,0,3,605,9,1.28,142.33,15
12.15,13,11,16,2,14.1,16,3.4,50.5,0,2,622,7,0.29,23.98,9
10.91,2,13,15.5,3,12.9,18,3.5,41.1,0,4,1507,10,0.45,65.98,10
11.4325,21,14,15.2,3,12.9,16,3.8,46,48,2,604,7,2.38,271.72,8
11.21,19,2,15.9,4,11.2,19,3.8,29.5,1,4,879,10,6.31,311.5,13
12.01833,2,8,16,2,16.2,21,3.4,35.7,81,3,623,8,3.5,391.18,9
10.06333,23,13,15.5,5,14.4,25,3.8,35.4,103,2,1221,8,7.28,541.63,7
12.70555,16,7,15.4,0,14.6,14,3.6,15.9,5,3,862,9,8.59,1019.34,10
10.24,16,14,15.1,1,9.2,24,3,26.4,9,2,719,7,2.82,312.18,3
10.468,21,7,14.7,4,9.3,17,3.5,36.2,1,2,500,6,2.03,367.94,8
12.41,16,9,15.1,4,10.8,19,3.9,38.2,0,2,899,7,0.85,91.78,12
10.30333,8,14,15.2,0,12.3,20,3.7,27.4,1,3,379,9,1.55,191.8,8
11.7325,14,13,15.1,3,12.6,18,3.9,41.3,2,2,607,8,2.37,320.79,11
10.624,14,13,15.6,4,8.6,21,4,39.8,26,2,582,7,1.83,199.11,9
10.01,16,14,15.8,1,13.8,25,4.1,27.4,2,3,536,8,3.04,425.12,1
12.29714,7,7,15.4,3,16.1,28,3.7,34.4,3,3,1131,8,4.84,530.71,15
11.704,21,7,15.2,0,12.8,20,4,37.9,2,2,929,6,2.62,236.73,6
10.26666,24,2,16.5,5,14.6,33,3.8,44,0,4,772,11,1.21,85.8,7
11.588,7,5,15.4,2,11.1,24,4.2,47.6,0,2,677,7,2.63,262.82,15
12.578,12,5,15.7,3,13.2,24,4.2,20.8,0,4,731,10,3.24,310.84,10
13.1725,12,4,14.7,4,12.3,23,3.5,26,0,3,290,10,3.33,311.53,6
11.06333,2,7,16.3,2,11.5,26,3.6,34.5,55,3,950,7,2.31,217.42,15
12.83,13,4,16.6,3,14.1,21,3.7,48.7,0,4,840,11,0.43,31.13,5
11.57,23,7,16.2,2,13.7,19,3.5,34.2,1,3,1006,10,1.04,73.12,7
7.81,23,7,16.2,1,13.1,18,3.8,39.4,0,4,718,11,0.77,89.92,7
15.19666,16,9,16.6,0,11.6,17,3.9,28.4,0,3,713,8,2.87,343.53,12
12.29,7,14,16.6,4,13.2,28,4,30.2,1,1,520,6,3.85,440.45,15
11.47,8,14,14.5,3,7.4,19,3.7,41.9,0,3,474,8,1.14,39.61,10
13.74,16,7,14.8,3,12.5,17,3.9,47.9,0,2,505,7,1.26,38.85,12
13.44428,16,4,14.5,1,9.3,23,3.6,15.3,39,2,282,8,5.28,539.82,12
9.58,2,8,18.1,2,17.1,21,2.6,27.7,0,2,700,6,0.49,60.31,9
12.96375,16,4,15.1,2,13.9,24,3.6,34.5,84,3,607,9,5.17,539.04,12
11.288,16,7,15.2,0,10.1,19,4,30.9,1,3,263,9,2.45,392.87,10
11.86,12,4,15.1,1,9.4,25,3.6,21,31,2,610,7,2.31,266.54,1
12.17,16,3,15.6,0,12.6,11,3.7,51.7,55,3,802,9,0.81,16.59,12
13.74,2,5,17,0,14.1,19,3.6,46.1,0,3,333,9,1.11,130.56,15
10.18,20,1,15.6,4,14.3,17,3.9,36.9,0,2,624,7,0.66,52.05,15
11.21571,3,14,15,3,13.6,25,4.1,28.4,25,3,737,8,5.68,519.96,3
12.36,12,5,16.6,0,12,23,3.9,42.5,0,4,500,10,1.77,138.23,3
12.86,19,5,15.7,4,13.4,21,3.9,41.7,0,3,733,9,1.61,91.74,5
10.445,21,7,15,4,10.1,25,3.1,34.8,1,3,421,7,1.73,208.77,8
11.391,7,13,16.2,4,12.6,31,3.9,33.5,15,4,519,11,7.79,894.35,11
11.2425,2,7,15.7,0,9.4,19,4,30.2,1,4,564,9,2.69,279.1,10
11.08285,16,4,15.5,0,12.4,22,3.5,24.3,40,3,940,8,4.86,584.29,14
11.45333,21,14,15.4,1,11.4,21,4,47.8,1,2,477,7,2.96,333.62,8
8.55,16,1,16,2,16.6,22,4,37.9,0,3,801,8,0.4,41.52,10
12.7,14,2,16.5,0,13.7,24,3.9,31.8,34,3,462,10,4.89,508.32,11
12.422,5,11,16.4,0,13.7,21,3.7,31,1,3,1167,8,8.78,621.91,15
9.37,12,8,18.1,1,15.2,22,3.9,35,0,1,1226,6,2.22,174.25,14
11.51333,16,2,17.1,4,14.9,16,4,33.7,3,4,955,11,2.75,270.96,1
11.076,11,13,15.8,5,9.6,25,3.9,43.6,1,3,960,9,4.57,270.08,4
12.2625,1,2,15.9,2,11.6,25,2.9,43.5,29,3,955,10,1.86,150.47,2
11.09,22,14,16.3,1,9.9,24,3.6,39.9,0,4,493,11,0.74,85.33,2
12.16,2,3,16.9,1,14.8,19,3.8,39.1,0,3,674,9,0.74,25.35,9
9.1475,15,13,14.6,4,10.4,27,3.6,35.5,3,2,434,6,2.3,257.34,7
11.259,21,13,16.1,1,12.6,18,3.7,36.9,68,2,1045,8,8.36,741.39,15
10.178,24,7,16.2,3,12.6,15,3.4,41.6,37,3,813,10,4.51,306.09,13
12.218,21,13,15.8,2,10.8,21,3.5,27.2,82,3,518,9,4.46,366.09,8
10.79,12,5,15.4,1,12.7,17,3.7,32.3,0,3,468,9,0.58,97.47,6
11.87666,5,5,15.3,2,10,22,3.5,61,1,1,459,6,1.67,264.47,4
8.7,15,13,14.6,3,9.4,25,3.9,29,0,2,565,6,0.48,57.96,7
11.21222,16,4,16.2,4,13.6,25,3.9,34.6,2,2,470,7,8.61,790.91,3
9.888,15,13,17.6,2,13.5,19,3.7,38.4,1,2,917,6,3.33,292.13,7
12.39,16,14,15.6,0,14.4,12,3.3,49,38,2,690,8,1.04,108.43,3
11.62,14,14,14.8,3,13.1,24,3.9,48.2,0,2,910,10,0.72,79.47,15
13.2425,16,7,17.3,2,11.2,23,3.2,27.4,0,2,773,6,2.65,281.74,6
12.42,16,6,15.5,4,11,24,4,34.8,0,3,823,9,0.91,102.76,1
12.71,21,7,14.8,2,7.9,18,3.7,37.4,1,2,761,7,2.87,358.32,11
12.032,16,4,15.3,0,11.8,14,3.8,41.8,2,3,980,9,2.62,503.02,9
11.44571,13,14,16.4,2,12.3,22,3.2,15,1,4,467,11,7.21,694.21,5
9.14,12,3,16.1,3,10.7,19,3.5,22.6,0,2,1032,7,1.15,59.62,3
8.2175,16,14,15,1,14.4,17,3.8,35.2,1,3,851,8,1.78,307.62,10
12.038,16,14,14.8,2,13,19,3.9,51.2,1,4,977,10,3.15,314.54,12
11.33333,21,5,15.3,2,11.3,22,4.1,47.5,13,2,1579,8,1.93,184.81,8
9.155,22,2,18.7,4,13.7,26,4,47.4,2,2,929,6,5.46,200.61,2
11.315,12,11,15.5,2,11.8,19,3.9,36.5,28,3,396,9,6.3,613.28,1
13.74,12,5,15,0,9.3,21,3.8,21.9,0,3,23,8,3.26,196.15,1
14.0709,16,7,15.5,2,14.4,24,3.8,28.2,48,3,536,9,7.73,942.74,6
15.60666,21,2,17.2,4,9.2,21,3.8,35.5,23,4,247,11,2.54,110.83,12
10.265,16,13,15.9,2,11.8,24,3.9,38.5,0,3,643,9,0.38,63.72,15
11.96,21,13,16.4,2,13.8,29,3.9,33,0,3,330,10,0.17,13.88,8
10.4725,12,5,15.9,1,12.3,23,3.9,25.9,1,2,552,7,4.66,640.87,3
13.29,24,5,16.2,1,16.2,27,3.2,32.2,0,2,515,7,0.51,42.13,13
11.19,16,4,15.4,5,12,20,3.9,30.5,31,3,1845,10,3.54,311.12,10
6.6,18,6,16.2,5,12.3,28,3.8,35.4,0,4,564,10,1.82,22.01,13
11.27,2,14,15,2,12.9,24,4.1,49.3,1,4,241,10,2.12,213.09,1
11.04,16,8,16.3,3,15.5,17,3.4,43.4,0,2,684,8,0.57,62.92,14
14.7,16,4,16.2,2,12.1,13,3.8,28.4,1,2,764,7,1.4,198.74,12
11.865,8,5,15.6,0,13,18,4,36.5,0,3,983,9,0.23,22.83,8
13.39,16,9,16.1,2,11.1,22,3.9,32.2,48,3,1261,10,7.35,40.55,12
12.9275,11,7,15,3,8.3,21,4.1,35.7,5,3,916,7,7.6,672.48,4
12.03,23,3,16.2,1,12.7,20,4,32.6,0,4,526,10,0.34,31.53,7
12.43333,23,3,17.7,4,14.1,20,3.7,33.2,0,4,485,11,1.61,118.8,7
11.2475,12,2,16.6,3,9.7,15,3.9,28.9,99,4,622,9,1.54,279.55,2
8,16,12,16.2,3,14.5,20,4.1,50.8,0,3,1101,10,0.66,126.71,14
10.8,7,14,15.1,1,6.4,19,3.9,40.9,22,3,660,7,1.88,307.83,4
10.93157,5,14,15.6,1,15.9,13,3.5,27.2,5,3,1008,10,4.66,604.11,15
12.334,21,5,15.2,1,9.2,28,3.5,40.3,0,2,766,7,4.17,279.89,8
11.76,16,14,16.4,2,16.1,23,3.8,38.1,0,2,400,9,1.78,125.66,6
13.24,12,5,16.2,1,9.8,20,3.9,41.9,0,3,748,9,0.72,70.13,1
12.47,24,8,16.2,0,16.5,19,4,35.2,0,3,356,10,0.56,61.84,7
12.2,24,7,15.5,1,11.2,22,3.8,46.4,2,3,461,9,3.33,217.32,13
15.29,16,9,16,1,14.5,20,3.5,48.1,34,3,919,9,3.39,378.19,12
11.9675,21,5,15.7,0,11.5,19,3.7,33.3,17,2,567,8,0.91,235.66,8
11.8325,23,13,15.9,2,10.9,20,3.7,31.7,3,3,500,10,6.08,485.89,10
12.67333,16,7,15.3,4,8.5,23,4.1,45.6,0,3,614,9,1.76,138.06,10
13.13333,12,14,15.5,1,11,27,4.3,35.2,0,3,353,9,3.78,138.36,5
10.77,16,5,15.4,3,11.5,28,3.6,25.3,0,3,539,8,0.19,41.82,10
12.26666,4,14,15.6,0,14.7,17,4.1,46.5,10,3,365,8,2.13,191.96,13
11.46,3,5,16.8,2,13.5,16,3.7,50.9,1,4,481,10,3.47,125.62,13
12.09,16,4,15,4,12.2,25,3.6,40.9,0,3,428,8,1.1,175.22,10
10.57,18,11,15.7,1,11.3,26,3.7,33.4,2,3,642,10,1.85,164.53,13
11.46,23,13,15.2,5,11.6,17,4,31,0,3,1050,8,2.22,158.33,7
10.29,2,5,16.4,2,13.3,29,4,34.1,0,2,422,6,0.1,31.19,1
12.26,24,7,14.3,1,10.1,19,3.7,44.2,0,2,609,8,1.62,160.49,13
9.44,12,5,15.3,2,12.2,20,3.9,33.2,0,2,970,7,0.64,134.88,14
11.5175,14,14,15.4,3,14.8,23,3.2,32.2,51,3,406,7,2.75,309.75,11
11.51,24,14,16.8,1,12.4,24,3.9,37.2,3,3,753,6,1.98,222.07,13
11.835,2,4,14.4,4,12.7,16,3.9,26.3,5,3,766,8,0.73,100.36,9
11.07,11,2,16.6,5,10.6,25,3.8,31.3,0,2,1139,7,5.95,186.86,4
13.17,14,5,16,2,13.3,21,3.6,32,0,4,596,10,0.21,27.23,1
12.13666,16,4,15.8,4,11.1,21,3.8,30,0,4,459,10,3.76,292.51,10
11.983,16,7,15.2,0,10.1,14,4.1,36.8,5,2,803,7,6.44,902.46,12
11.694,3,2,16.1,2,13.8,17,3.9,31,23,4,1045,10,3.28,335.39,2
9.62,5,7,14.6,1,11,18,3.7,48.6,0,4,464,10,0.38,29.56,10
11.935,7,7,14.9,4,14.6,27,3.7,44.4,61,3,462,7,1.11,92.88,15
13.69125,12,4,14.6,5,10,30,3.7,33.9,1,2,591,6,6.95,605.71,6
10.26333,13,13,15.8,6,12.3,21,3.6,46.2,0,2,902,6,2.29,173.09,8
12.29,16,14,15.5,0,15,17,3.5,50.7,0,3,1132,9,0.1,13.91,4
9.83,14,1,18.6,3,13.9,23,3.8,24.1,0,2,1359,7,1.07,115.6,9
11.65,24,14,16.3,1,9.2,15,3.9,40.2,0,3,848,7,0.36,52.53,13
12.88,16,4,16.2,0,12.5,21,3.7,33.6,0,3,1006,9,2.22,163.47,5
13.50666,21,14,14.9,3,13,22,3.8,26,0,3,418,9,3.22,313.05,8
9.86,16,12,16,0,13.8,17,3.8,33.5,0,3,406,9,0.54,29.65,10
10.085,16,4,15.8,3,12,21,3.7,41.6,2,3,908,10,3.91,273.07,14
11.58,16,1,17,4,15.7,27,3.8,26,0,4,914,11,0.71,66.63,12
13.29,16,9,16.8,2,12.6,16,4,31.4,0,4,302,10,1,113.74,12
10.458,14,13,15.1,5,8.8,20,3.6,23.7,120,3,733,8,4,447.51,11
10.495,12,14,15.9,0,12.2,18,3.6,37.5,0,2,430,8,0.33,95.52,3
14.53333,16,4,14.3,0,8.7,14,3.7,47.2,0,2,587,8,2.6,358.45,6
11.51,20,2,16.2,2,11,26,3.6,27,0,4,613,11,0.39,37.45,15
12.07,19,3,16.9,4,13.4,15,3.8,31.7,0,2,837,7,0.49,37.58,13
12.02,5,13,16.6,6,13.9,22,3.7,39.6,0,4,412,11,0.15,11.43,10
11.905,23,13,16.4,4,12.1,23,4,41.2,13,4,684,11,4.48,406.55,11
12.79888,21,2,16.3,3,14.5,23,3.8,33.7,4,3,323,10,2.88,406.21,4
12.754,23,13,16,5,11.7,26,3.6,41.4,41,3,939,10,3.88,218.7,10
11.64,13,13,15.7,6,11,24,3.9,34.5,0,2,364,8,0.62,94.26,5
12.27214,13,2,15.9,0,15.1,27,3.5,28.9,80,3,585,9,12.32,1204.58,2
11.9676,16,7,14.8,0,10.6,11,3.8,25.7,9,3,1321,8,13.3,1882.72,6
10.49,19,1,15.2,5,12.7,20,3.6,37.8,0,3,361,9,1.2,26.87,5
13.91,16,4,15.9,1,11.4,23,3.9,29.1,0,3,288,8,1.57,149.23,12
11.12666,21,13,16.4,7,13.7,22,4.1,35.5,0,4,682,11,1.23,132.77,11
12.2575,21,13,15.7,2,10.6,24,3.7,31.9,1,4,787,9,2.4,280.67,10
11.99,13,7,15.2,2,10.2,22,3.7,38.6,1,4,695,8,3.41,318.7,8
11.97727,2,7,15.5,2,7.7,13,3.7,32.4,19,3,257,10,5.76,649.74,11
14.496,2,5,16.6,2,15.4,23,3.5,36,31,3,325,9,5.44,458.68,14
14.64,2,4,14.5,0,7.1,12,3.3,34.6,0,2,163,9,0.35,48.43,14
13.14666,21,7,15.3,0,10.2,30,3.7,36.4,0,3,991,9,2.07,263.77,11
12.04,23,5,16.1,4,10.2,24,3.5,46.4,0,3,761,8,0.76,71.82,10
10.89,14,13,16.6,4,16.8,19,3.9,30.6,0,4,592,11,0.37,34.36,9
11.32,7,5,15.5,3,10.3,20,3.8,42.6,10,3,327,7,6.15,277.73,15
12.69111,23,7,15.3,3,10.1,19,3.7,28.9,1,4,648,10,7.02,659.76,7
11.03,16,5,15.6,4,14.2,24,3.8,33.6,6,2,1386,7,3.54,372.01,11
9.493333,21,13,16,2,14,16,3.6,43.8,1,3,917,10,2.5,192.45,11
11.33,7,7,14.6,0,7.9,15,3.7,42.3,1,2,596,6,4.49,340.61,15
12.74,3,4,15.5,3,11.4,19,3.7,33.5,26,3,602,8,4.58,54.05,3
12.98,13,2,17,2,13.3,23,4,34.4,1,3,867,10,3.17,255.42,5
9.76,12,14,15.3,1,13.7,21,4.1,25.8,0,2,572,9,0.8,97.75,3
8.48,24,2,16.2,3,12.5,23,3.9,31.8,0,3,276,10,0.46,31.4,13
9.62,13,3,17,1,12.8,22,3.9,40.7,0,2,932,6,0.38,48.56,2
10.31,15,13,16.2,5,11.4,21,3.8,43,0,4,624,11,0.74,32.7,7
11.34,24,14,16.2,3,9.6,26,3.9,25.5,0,3,372,7,2.01,163.61,9
13.865,16,4,15.4,2,11.3,26,4,39.9,0,4,229,10,0.48,89.32,12
12.73,16,4,15.3,2,12.6,14,3.8,41,0,2,1311,6,0.6,40.95,12
11.66,5,13,15.4,1,14,30,3.8,34.4,0,2,681,8,1.03,83.13,15
11.63,11,14,14.6,4,8,22,4.1,30.7,0,2,728,6,0.3,28.8,4
10.52,12,4,15.4,2,13.2,26,3.7,34.3,0,3,559,9,1.2,177.55,6
11.31333,2,14,16.3,3,14.8,22,4.1,29.2,1,4,706,11,2.46,261.51,9
11.66,17,13,15.7,2,7.9,22,3.9,44.5,0,4,1025,10,0.42,41.11,9
12.975,14,2,16.1,3,17.1,22,3.5,40,1,3,538,10,5.46,443.38,15
10.745,23,13,15.1,4,10.8,24,3.6,42.6,0,2,860,8,2.78,185.55,7
12.16,4,14,15.7,2,11.4,24,3.7,23.9,1,3,1271,10,2.01,147.83,13
12,2,3,15.6,1,11.6,20,3.7,29.9,0,3,224,8,0.9,95.89,9
10.71,12,14,15.3,2,14.4,22,3.8,31.4,77,3,856,8,1.44,166.62,14
11.73333,21,13,16.1,5,16.7,20,3.7,25.1,47,3,888,9,3.06,339.18,8
13.14,23,7,15.8,0,12.3,25,4.1,39.7,0,3,663,10,0.93,47.03,7
11.02,20,3,14.7,2,12.6,20,3.7,30.5,0,2,415,6,0.25,15.29,13
12.77625,16,5,15.6,0,10.5,19,4,31.7,2,3,421,8,2.8,387.17,14
11.08,21,4,14.9,5,11,20,4,39.1,0,4,817,9,1.19,67.32,10
13.635,19,11,15.9,0,13.8,19,3.7,38.1,0,2,307,8,0.72,86.41,13
12.2475,19,2,15.5,4,13.5,15,3.4,47.1,30,3,1068,8,2.49,172.74,1
11.014,2,2,16.1,3,11.7,21,4,45.9,2,3,1247,10,2.36,352.42,9
10.585,12,8,18.8,4,13.3,25,3.9,41.7,0,2,561,6,0.96,153.59,14
14.99,13,5,16.6,0,17,24,3.3,36.8,0,3,592,9,0.46,38.7,5
12.608,12,5,15.8,0,13.1,11,4,28.2,2,2,293,7,4.2,467.27,2
7.97,8,5,16.2,7,9.4,30,3.4,41.9,0,4,811,11,2.65,72.74,8
10.71333,19,13,15.8,4,13.2,30,3.6,42.2,0,3,595,10,3.46,289.45,13
13.108,16,4,16,3,12.6,23,3.9,47.4,1,4,513,11,4.88,335.6,6
12.25,2,4,15.3,2,12.2,26,3.5,27.6,0,3,838,9,0.7,62.43,9
12.183,12,4,15.3,0,13.2,19,3.7,26,37,2,672,8,6.58,868.3,9
12.42,23,2,15.8,1,12.6,21,3.8,26.1,1,3,1026,10,0.62,111.68,10
12.52,7,11,15.9,0,14.8,23,4.1,40,1,3,516,8,0.65,126.41,4
11.42,16,12,16,0,10.7,21,3.6,36.1,1,3,721,8,0.89,92.92,14
10.67714,24,13,15.9,1,12.1,17,3.8,45.6,68,3,262,8,3.91,421.51,13
11.4875,12,4,15.1,4,6.7,28,3.9,24.3,1,2,663,7,4.68,419.12,9
13.525,23,13,16,1,11.6,22,3.6,38.8,1,4,843,10,1.6,99.37,10
11.3,16,4,16.3,5,13.9,24,3.8,34.3,0,3,398,11,0.72,359.88,10
11.74666,16,5,15.6,0,13,24,4.1,16.3,2,3,728,8,1.92,408.12,14
11.89666,16,2,16.2,4,12.8,25,3.6,26.6,40,3,710,10,3.82,414.78,10
12.27,11,14,15.8,1,12.9,20,3.4,29.8,0,4,687,10,1.21,177.62,4
14.08,21,4,16,3,15.9,19,3.8,38.1,0,3,602,11,0.92,43.52,8
10.965,5,7,16.2,4,9.5,23,3.4,35.4,0,4,1055,11,1.32,167.17,4
12.885,16,4,14.9,4,13.9,19,3.7,32,0,2,402,6,1.33,139.82,12
14.12307,16,4,15,2,10.6,21,3.8,22.3,1,3,1164,10,3.59,324.81,12
15.345,3,5,16.1,0,11.5,16,3.4,25.2,8,3,1211,9,1.41,111.17,1
12.49666,21,5,16.3,1,11.9,18,4,28.5,2,4,756,11,2.08,220.31,8
11.32285,6,5,15.8,5,13.6,18,3.8,44.9,33,3,443,10,0.76,634.7,15
12.64,21,7,15.5,0,10.4,13,3.8,30.2,2,2,420,8,3.3,412.14,8
11.73833,21,13,15.8,1,11.8,18,4,44.9,2,3,717,10,5.61,515.18,15
11.53,12,11,14.7,3,9.1,18,4,51.1,0,2,429,6,0.13,11.01,1
12.8425,16,5,15.1,0,11.9,22,3.7,44.8,2,3,493,8,1.85,263.31,14
11.01,21,3,17.1,2,12.3,20,3.9,22.9,0,4,825,11,0.44,28.41,15
12.495,12,7,16.3,2,12.8,24,3.9,30.4,1,3,977,9,1.42,129.26,1
12.90571,21,9,15.9,2,10,22,2.9,34.6,10,2,828,7,3.89,420.99,8
10.97,21,13,15.5,5,11,25,3.6,27.4,42,4,598,9,3.05,304.59,8
15.535,21,4,15.8,3,13.2,21,4,36.4,0,4,775,10,1.88,160.92,12
13.09,2,11,15.9,0,15.7,14,3.9,38.1,0,3,1038,9,0.3,45.5,14
11.97,14,2,15.4,5,9.5,22,3.8,62.3,0,1,452,6,0.19,28,1
14.228,21,11,16.3,2,9.3,22,3.9,28.5,1,4,1037,9,3.07,383.97,6
12.07312,12,14,15.5,0,12.9,23,3.9,24.5,6,3,638,9,11.91,1044.67,3
9.71,7,7,16.2,2,11.4,14,3.8,42.2,0,2,282,7,0.41,52.9,15
9.24,21,2,17.4,4,14.4,27,3.9,31,8,4,1314,11,3.69,158.66,8
12.6775,24,5,15.8,4,11.6,26,4,36.7,1,1,707,7,2.69,215.43,13
12.075,23,2,17.7,4,17.5,23,3.8,43.5,0,4,345,11,2.34,184.39,11
11.7,16,7,15.8,3,11.6,18,4.1,33.5,1,3,997,10,5.33,441.92,6
11.662,5,11,16.7,2,13.7,26,3.3,19.5,2,3,1185,10,6.61,596.86,15
12.45,13,7,14.5,3,8.9,21,3.8,44.2,58,3,733,9,1.09,116.79,2
11.18666,5,13,16.4,8,12.9,25,3.9,34.7,1,4,857,11,4.96,325.39,8
12.34,16,14,14.7,2,14.6,17,3.8,25.6,0,2,331,8,0.51,63.59,12
11.25,2,11,15.3,1,10.9,15,4,40.2,0,3,699,7,0.39,38.83,9
11.355,17,11,16.3,0,12.1,18,3.9,28,1,4,859,10,4.37,118.15,9
9.638,24,13,15.5,3,9.4,20,3.9,40.4,1,3,572,10,2.87,295.06,9
10.695,5,14,16,2,15.9,24,3.8,27.6,15,3,649,7,4.55,574.27,15
14.96,16,4,16.2,6,17.8,23,3.8,36.2,91,4,364,9,5.43,281.68,6
12.0725,12,2,17.1,3,8.5,26,4,23.8,1,4,1815,11,4.61,448.74,1
9.693333,15,11,15.8,1,11.9,15,3.8,57.9,24,2,624,6,1.82,187.07,7
12.22,16,4,16.9,5,10.7,18,3.9,31.7,1,2,552,6,6.35,667.55,12
12.14,12,14,15.4,1,13.3,24,4,42.9,0,3,1203,9,0.37,45.94,3
11.29,2,10,15.3,1,13.8,18,3.6,33.5,0,3,797,7,0.78,102.32,14
11.42,5,14,15.6,1,8.8,17,3.8,37.1,0,3,260,10,0.3,18.42,10
10.8075,24,3,16.5,4,14.3,26,3.6,43.5,7,4,1185,11,3.49,243.3,13
9.26,16,5,15.8,1,10.9,19,3.5,41.2,0,3,540,8,0.49,44.91,10
11.44,19,1,15.1,4,11.7,27,3.5,35.5,1,2,201,7,0.69,66.63,1
10.62,16,1,15.2,2,8.9,29,3.6,35.9,0,3,614,9,0.57,20.76,10
12.54333,5,2,15.3,1,13,19,4,34.9,2,2,566,8,2.73,216.26,15
10.635,21,14,15.1,3,9.8,20,4,24.8,0,4,704,10,2.72,216.61,11
12.29,2,2,17.6,0,16.1,20,3.4,40.5,0,3,481,9,0.55,60.7,9
12.24,2,11,17,2,16.1,19,2.9,37.8,0,4,253,10,0.48,56.71,1
12.43,11,3,15.7,3,11.2,22,3.6,39.3,0,3,687,9,1.64,114.53,4
11.8,16,13,16.7,2,12.4,19,3.7,39.2,0,3,568,9,0.57,59.36,10
12.22,19,14,16.5,2,15.5,21,3.7,46.5,0,2,693,6,1.37,136.62,13
15.22,16,5,15,2,11.5,17,3.8,44.1,1,2,698,7,1.21,124.75,12
10.1825,16,5,15.6,1,13.8,18,3.8,30.5,1,3,634,8,1.14,255.54,14
11.1,2,14,16.3,1,15.2,18,3.9,31.8,0,4,362,10,1.04,143.66,15
11.34166,7,7,16.6,2,13.8,20,4,29.1,1,4,529,11,2.8,333.26,4
11.28,2,2,16.5,2,14.9,24,3.8,24.2,20,4,879,10,0.75,86.79,1
13.04,13,7,14.8,0,8.8,21,3.6,38.6,0,3,1082,9,3.44,342.06,2
14.09,2,14,14.8,0,6.8,22,4.1,29.9,0,3,577,8,0.42,44.08,9
10.665,21,7,16,1,13.1,20,4,29.4,62,2,1019,7,2.01,223.25,8
13.065,20,5,15.9,2,11.1,24,3.7,40.9,23,3,1407,10,1.67,143.97,15
11.95714,13,7,15.6,2,14.7,21,3.9,35.2,3,2,808,7,1.24,466.82,8
12.43,2,2,16,0,13.1,19,3.1,42.4,1,3,1054,10,0.97,131.65,9
12.24,13,2,16,0,13.3,24,4,42.6,1,4,320,10,0.87,91.29,2
12.1,2,13,16.8,0,11.5,19,3.8,33,2,4,1206,10,3.9,468.34,14
11.65,19,4,16.3,5,13.7,22,3.7,40.5,0,3,700,9,0.84,38.23,5
15.32,21,4,16.4,3,12.7,24,3.5,43.9,0,4,762,11,2.47,79.19,6
13.23,21,5,15.6,0,12.6,19,3.6,37,44,3,965,9,3.92,140.75,11
13.645,16,8,16.3,0,12.1,21,4.1,43,35,3,418,9,0.98,85.05,12
11.71,16,4,15.6,3,10.9,23,3.8,42.6,0,2,546,7,0.3,18.83,10
12.75666,2,11,16,2,12.3,26,4,28.1,34,3,1190,10,1.15,143.48,14
12.47111,12,5,15.9,0,13.3,17,3.6,8.6,15,3,593,8,5.63,815.72,9
12.565,16,4,15.4,1,13.1,20,3.5,37.1,1,2,697,7,0.57,81.41,12
11.82,7,10,16.6,2,12.3,21,3.9,28.9,0,3,608,10,0.64,61.19,11
13.785,13,11,16,0,10.6,24,3.9,44,1,4,1364,9,2.99,294.1,5
10.24,2,13,16.3,5,9.6,24,3.9,34.8,0,4,765,11,0.32,48.17,14
11.19,16,8,15.9,1,17.6,25,3.5,31.1,0,2,503,8,1.36,147.65,1
12.19333,12,5,15.7,2,14.7,17,3.5,29.7,1,2,610,7,1.9,198.31,1
10.6,16,12,15.4,1,14.7,25,3.8,37.3,0,2,362,6,0.8,71.25,12
9.84,24,11,16.1,0,15.7,25,3.7,47,1,4,513,10,0.78,64.56,13
10.89,12,8,18.7,4,15.1,20,3.5,40.6,0,1,1133,6,0.94,125.91,14
11.67,12,3,15.4,5,10.6,29,3.9,31.8,0,2,624,6,0.16,23.48,1
10.98,2,14,15.6,1,11.1,15,4.2,30.7,2,3,436,9,1.21,148.65,9
14.72,16,7,16.1,1,10.9,12,3.4,28.8,1,3,677,9,3.16,341.54,12
11.84,16,5,15.3,5,14,21,3.1,25.2,81,3,442,9,5.51,664.76,8
12.93666,11,4,15.1,3,11.5,20,3.9,41.6,0,2,874,7,2.34,225.85,4
10.755,2,1,16.1,6,12.1,26,3.6,35.3,107,3,669,9,1.9,159.74,15
6.08,9,5,16.4,5,9.6,30,3.6,41.5,0,4,696,11,3.31,36.02,13
14.52,12,7,14.3,5,6.9,19,3.7,41.5,0,2,255,8,1.05,61.83,6
11.9,21,14,15.1,2,13.5,25,3.7,18.7,10,4,944,10,3.95,856.79,4
11.07,17,13,15.9,2,13.4,20,4.1,42.5,28,3,354,7,2.45,209.16,9
12.16,12,1,16.5,0,10.3,21,3.7,26.9,0,3,760,10,0.04,3.2,2
15.76,9,9,16.3,1,13,23,3.7,40.2,0,2,503,8,1.72,51,12
11.56,21,11,16.3,0,13.3,20,4,45.9,0,3,654,8,0.4,30.72,11
14.2425,16,4,15.7,1,11.8,29,3.7,31.1,4,2,683,7,2.8,196.07,12
11.71869,12,5,15.6,1,9.1,21,3.5,24,1,3,832,10,6.19,750.47,1
11.095,2,5,15.9,2,14.5,20,3.2,39.5,122,2,798,8,3.07,303.49,9
12.28,16,7,16.1,1,9.8,24,4.1,50,0,4,513,11,2.21,183.86,6
14.8775,16,4,15.3,0,11.2,20,3.4,42.3,1,1,853,7,3.41,200.32,12
10.35666,24,11,16.2,1,10.8,25,4.2,27.6,0,3,305,10,1.97,135.87,7
10.685,2,14,15.5,2,11.2,25,3.4,42,1,4,1100,8,1.02,101.94,15
10.374,12,14,15.4,1,13.4,20,3.8,30.2,6,4,543,10,6.72,744.94,3
11.6375,11,13,16.4,3,10.8,22,3.7,21.6,64,3,951,9,4.28,460.61,4
9.908,16,6,15.7,5,13.4,26,3.5,21.8,1,2,397,6,4.8,512.73,1
12.64,11,5,15,3,8.6,29,3.9,50.1,3,2,426,7,3.09,258.14,4
14.92,21,4,15.9,2,13.6,31,3.8,28.1,0,3,740,9,3.66,52.98,6
11.38,12,4,17.2,4,14.3,15,4,42,0,2,793,6,1.85,101.49,14
12.21666,16,5,15.2,4,8,21,4,27.7,1,3,668,8,0.71,180.2,3
12.12,21,7,14.9,2,8.7,22,4,48.9,1,4,482,10,2.21,190.77,15
9.626666,24,13,16.4,3,15.9,29,3.8,27.8,3,3,338,11,2.6,116.68,9
10.07181,12,5,15.8,1,14.4,24,3.9,26.7,45,3,730,8,10.61,950.49,2
12.29,12,11,15.6,1,10.2,19,3.6,42.6,0,3,940,9,0.89,62.39,1
11.86,13,2,17.7,4,16.5,20,3.5,29.2,0,4,751,11,1.22,105.3,9
11.59833,19,7,16.4,1,13.8,17,3.6,42.5,1,3,1059,9,5.53,533.32,13
11.35,13,13,15.8,1,12,20,3.7,37.6,0,3,973,10,0.2,23.46,5
11.94,19,1,16.3,1,13.4,20,4,29.7,0,3,1382,7,0.98,69.47,5
10.05666,11,3,16.2,4,9.4,22,3.8,39.7,12,4,1046,11,10.06,231.92,4
13.36,21,7,15.6,0,10.4,16,3.7,41.2,0,3,399,8,1.18,144.91,11
10.818,12,4,15.2,1,11.8,24,3.4,28.2,30,3,1344,9,4.27,363.47,2
11.115,17,13,15.8,6,10.1,19,4,25.2,0,4,1201,10,4.47,220.96,2
11.7,16,4,16.5,4,12.6,28,3.8,30.4,1,3,753,11,3.29,287.15,12
13.70666,16,7,16.1,2,10.8,20,3.7,33,1,4,829,10,1.7,143.63,6
12.32,16,2,15.8,1,13.9,13,3.7,56.1,0,3,628,10,0.99,73.48,10
11.62,23,13,15.7,6,10.6,30,3.9,24.6,1,3,443,8,2.86,242.94,7
10.76666,16,14,15,0,10.8,16,3.5,30.6,0,2,1202,8,0.49,103.52,3
12.79,3,11,15.9,2,12.4,28,4,47.5,0,2,717,9,0.57,53.91,2
12.69857,24,3,16.1,0,8.9,14,3.7,26.2,98,3,778,8,3.3,195.85,13
11.81,21,13,16.2,4,13,20,3.7,40,0,4,527,11,0.11,7.38,8
13.23375,5,5,15.7,2,10.3,18,3.2,49.6,5,3,313,8,3.86,436.5,4
12.37333,18,13,16.3,2,12,28,3.8,36.3,1,4,704,11,3.07,217.45,10
12.33,21,14,15.1,0,11.6,14,4.1,52.4,8,2,531,7,2.79,201.4,8
15.085,16,7,15.9,3,12.2,20,3.6,40.4,1,3,408,10,2.01,157.23,6
10.25,7,14,15.8,2,14.3,25,3.8,40,0,2,727,7,0.62,71.5,15
14.71,24,13,14.6,3,10.3,28,3.6,36.8,0,3,789,7,1.77,37.32,9
9.8225,16,14,15,1,10.3,19,4.1,21,26,2,541,7,1.92,236.08,3
12.4525,21,13,15.7,3,11.4,22,4,38.7,3,3,642,8,6.72,680.34,15
12.07,16,13,15.8,4,10.3,30,3.7,36.6,32,4,689,10,1.87,122.88,1
12.86,5,4,16.6,5,10.7,18,3.7,34.9,0,3,331,11,0.35,22.43,10
11.32,13,5,15.8,3,14.6,27,3.8,38.5,0,3,1282,10,0.59,72.83,5
11.85,19,8,15.2,4,10.5,25,4,33,0,4,779,9,0.58,66.19,5
9.895,2,3,16.2,2,13.1,22,3.6,41.2,91,3,802,8,0.37,72.54,9
10.1875,16,14,15.3,0,12.7,23,3.8,38.6,1,3,723,9,2.25,334.95,2
13.8,13,11,16,0,9.6,27,3.7,30.4,0,3,657,10,1.04,48.29,10
11.33333,14,7,15.6,1,11.1,21,3.9,30.4,23,3,264,9,10.13,1255.86,11
15.39,16,6,16.2,1,13.4,17,3.5,40.3,0,3,1126,10,1.58,53.23,12
14.655,16,9,16.3,1,12.4,20,3.7,20.4,0,2,741,8,2.91,144.18,12
10.418,19,2,17.1,1,14.2,19,2.9,31.1,15,4,406,11,5.55,318.23,5
11.35666,16,13,16.2,5,12.6,21,3.7,22.6,0,4,367,9,0.95,163.53,10
15.0875,16,9,16.1,0,9.2,20,3.7,42.5,43,3,133,8,5.22,428.03,12
10.6,16,14,16,2,10,22,3.2,36.1,0,2,1033,7,0.55,78.68,5
10.6975,12,13,15,0,9.3,21,3.7,25.6,82,2,631,8,3.78,380,3
10.1275,13,6,16.2,3,13.8,26,4,48.3,1,3,1015,10,3.41,207.5,13
13.0525,5,2,16.1,2,13.6,23,3.9,28.7,3,4,677,10,3.14,332.29,15
13.03,7,13,15.9,4,17.1,24,4,29.7,0,4,924,11,1.85,113.06,15
11.53,15,14,14.7,3,9,24,3.8,36.1,0,2,407,6,0.28,18.87,7
12.43,24,14,15.8,1,12.4,28,4,52,0,3,542,9,0.14,13.63,9
12.4825,19,13,15.9,2,13.4,20,3.8,30.4,3,2,358,7,4.38,322.24,13
11.99,14,7,14.8,1,11.1,17,3.4,34.9,1,3,471,8,0.94,142,7
12.16,21,3,16,0,15.2,22,4,44.2,1,3,710,8,1.08,92.07,15
12.75,11,3,15.4,2,11.8,19,3.8,30.9,0,2,617,8,1.12,22.92,4
10.451,16,14,16,1,11.3,20,3.9,36,13,3,1017,7,4.93,714.86,6
11.24285,2,13,16.3,5,10.8,24,4,43.6,1,4,394,11,5.51,510.86,14
12.02875,12,4,15.7,2,9.4,29,3.4,37,79,3,618,9,4.52,380.82,6
11.34,7,13,16.1,0,11.5,19,3.7,42.8,0,4,585,10,0.09,10.58,10
13.04,16,5,16.3,2,12.8,24,4,40,0,2,369,7,1.08,134.15,12
11.88545,21,5,16.6,3,12.9,27,4.1,25.6,8,2,370,7,6.73,649.8,4
10.22,12,14,15.4,1,14,21,3.7,32.8,4,3,834,9,1.53,211.24,1
14.61,16,7,15.2,0,13.7,16,4,44.1,0,3,1014,8,1.08,57.26,6
11.17428,16,4,15.8,1,11.2,24,4,25.2,2,2,414,8,4.25,557.13,14
10.796,13,13,16.4,4,14.4,22,3.7,34.7,11,4,444,11,4.61,368.64,9
13.23,19,11,15.2,1,11.9,21,3.6,34.6,0,3,812,9,0.44,49.76,13
13.69,21,11,15.3,0,14.3,24,4,24.9,14,2,841,9,2.03,227.62,8
13.3,10,10,16.8,0,15.5,23,3.8,39.6,0,3,889,9,1.97,78.02,5
10.12,16,5,15.4,2,12.7,27,3.6,30.4,2,3,576,7,3.06,266.11,1
12.31333,20,2,15.4,3,14.6,19,3.6,25,0,2,376,6,3.13,185.36,13
11.8175,3,14,17.7,4,12.9,25,3.6,36.2,1,4,369,11,3.14,303.01,2
11.61,7,14,15.4,1,14.2,27,3.9,41.4,1,4,723,9,3.03,291.49,4
11.17,13,6,16.5,4,13.8,27,4.1,28.6,0,3,680,9,0.62,46.59,13
9.86,16,7,16.2,2,12,24,3.8,39.3,17,4,532,11,3.14,300.58,10
13.7,15,13,15.5,3,18,18,3.6,31.9,23,3,615,10,9.36,1068.17,1
12.32,2,14,15.2,0,8.4,20,3.7,31.2,0,3,1029,9,0.25,45.85,9
13.585,16,7,15.6,1,13.1,27,4,48.1,0,3,493,10,2.17,219.61,6
12.49,23,7,15.6,5,14.5,20,3.9,32.7,0,2,520,8,3.41,105.29,7
14.59,11,5,15,4,9.2,16,3.9,40.8,0,2,518,8,2.89,103.66,4
11.2,21,7,16.6,3,15,22,3.6,43.6,0,4,803,11,0.92,98.9,11
12.8275,7,1,17.6,6,15.2,18,3.1,31.8,148,4,530,9,6.37,527.87,11
11.06333,16,8,15.6,3,6.3,24,3.7,32.6,0,3,1174,8,1.49,173.38,14
12.39666,1,13,15.8,3,14.2,24,3.6,34.4,0,4,1392,10,1.59,177.28,1
10.77,11,2,16.7,3,13.5,23,3.8,31.5,1,3,553,10,7.19,289.4,4
11.45,19,11,15.7,2,9.7,29,4.1,24.6,0,3,1030,6,2.81,35.98,13
11.02,8,5,16.7,4,12.8,22,3.9,10.4,0,3,880,9,0.67,52.17,10
12.54,5,7,15,0,12.5,29,3.7,33.8,0,3,582,8,0.45,39.63,15
12.71,18,4,16.6,4,14.3,26,3.7,44.8,0,4,489,11,0.41,58.24,9
10.79,14,2,16,3,11.4,29,3.9,33.5,0,3,711,9,0.41,74.41,11
8.15,16,4,16.3,6,15.5,17,3.9,26.7,1,1,1024,6,1.17,85.55,10
12.715,23,11,16.6,0,13.3,19,3.9,43.7,1,2,440,8,0.67,59.98,7
8.756666,16,4,15.6,2,14,14,3.9,36.6,2,3,890,9,2.29,290.35,1
13.515,16,4,14.8,5,5.7,26,3.8,41.7,1,2,513,7,4.63,348.83,12
10.69666,12,5,15.7,1,7.8,16,3.9,36,32,2,975,9,2.45,272.26,9
10.85,21,11,16.2,2,10.6,22,3.6,42.1,0,3,951,10,0.71,59.78,11
14.31,19,13,15.4,0,12.7,17,3.4,34,0,3,401,8,0.2,57,13
10.63666,13,13,14.9,3,9.3,23,3.8,42,25,2,866,7,7.05,744.81,9
9.17,18,5,15.7,5,13.8,26,3.7,33.4,0,3,371,10,2.44,70.86,13
10.92,12,1,16.6,4,9.7,27,3.5,27.9,0,3,848,10,0.39,27.59,14
14.022,16,3,15.6,0,8.9,20,3.5,30,1,3,690,9,2,218.71,3
12.538,11,13,16.3,4,12.3,23,3.8,35.9,40,3,509,8,3.98,352.73,4
9.225714,11,6,18.8,4,18.8,20,3.9,33.5,4,1,384,6,9.31,441.31,4
11.394,3,13,15.4,6,7.8,21,3.6,43.7,1,3,933,9,4.1,378.49,13
11.46833,21,7,15.2,3,10.1,23,3.7,23.6,3,2,555,7,5.02,527.25,11
10.922,12,4,15.4,3,13.2,29,3.9,44,1,3,412,7,3.14,318.86,14
14.03333,2,5,16.8,4,9.3,16,3.4,35.1,0,3,1069,9,3.42,291.57,14
14.675,16,5,17,1,15.1,27,3.4,46.7,0,3,898,9,1.76,168.93,12
11.75,9,14,15.9,2,15.2,21,3.7,38.9,0,3,236,8,1.63,61.64,13
12.3,4,3,16.1,2,9.8,22,3.8,48.8,0,3,482,9,0.54,66.74,13
10.36333,23,6,16.3,3,16.2,24,3.4,35.1,2,2,647,9,3.99,292.32,10
12.345,21,2,16.8,4,16.4,26,3.6,31.9,0,3,481,10,2.27,165.89,11
10.41,13,14,15.6,3,13.1,21,4,33.5,2,2,434,7,1.44,112.16,2
12.56,21,4,14.6,4,11,22,3.9,39.9,0,3,657,6,0.45,31.94,6
11.5425,13,5,15.6,1,9.7,22,3.8,34.8,36,3,703,8,1.48,359.67,5
11.2075,14,13,15.2,5,12.9,34,4,45.1,30,2,809,7,2.3,281.07,15
10.865,23,13,16,3,11.5,24,3.7,37.9,1,3,624,11,1.83,184.73,11
12.318,5,5,17,3,11.3,20,3.3,31.4,8,2,946,6,3.76,347.5,15
12.48,2,2,16.2,2,12.5,26,3.5,38.1,0,4,934,10,3,351.27,9
12.863,11,13,16.2,4,10.8,19,3.7,44.9,128,3,1086,9,4.34,477.03,4
12.62,7,13,16.4,3,13.4,23,3.6,43,29,4,283,9,1.99,206.49,15
11.71,13,5,16,2,11,16,3.9,32.4,0,3,826,11,1.15,121.36,5
8.58,16,4,16.6,4,15.9,24,4,32,0,4,626,11,2.34,127.24,12
9.93,16,7,15.7,0,14.5,26,3.7,39.3,1,3,599,9,0.69,92.82,10
14.59333,16,4,15,4,11.7,23,3.9,33.1,1,2,807,7,6.69,689.24,12
11.575,16,4,15.3,4,13.9,34,3.8,37.6,7,2,1550,7,5.19,614.06,6
12.64428,7,13,15.9,5,13.2,25,3.9,42.3,0,3,409,9,5.53,474.93,8
11.135,14,14,15.3,3,12.1,24,3.5,41.6,0,2,1069,7,1.36,126.26,9
11.47,2,13,15.4,1,10.6,23,4,43.7,0,3,1470,8,0.9,107.86,15
8.515,16,5,16.8,2,11.5,30,3.7,24,1,2,1257,6,1.89,282.24,10
8.265714,16,5,15.2,2,10.9,23,3.7,22.9,2,3,824,8,3.57,252.24,9
10.90333,16,4,15,4,12.4,24,3.6,30.2,2,2,381,7,1.59,156.4,14
12.46,13,14,15,0,8.3,18,3,33.9,27,4,1457,10,4.82,226.93,7
10.93666,12,10,15.9,1,16.6,18,3.8,32,1,4,982,10,2.99,362.24,14
10.49333,12,14,14.8,1,9.2,20,3.7,32.5,0,2,692,7,3.52,359.94,5
13.36,7,7,16,0,14,17,3.6,42.5,0,4,1101,10,2,255.77,11
10.76,12,5,16.8,1,11.9,21,3.4,28.2,1,2,841,6,2.29,249.47,14
13.49,19,5,15.4,0,10.3,19,3.2,30.6,0,3,1208,8,1.39,121.16,5
13.375,21,2,16.8,4,10.4,32,4.1,39.3,1,4,769,11,2.01,283.31,11
9.332,16,1,16.2,4,11.8,18,3.8,29.5,2,3,674,7,3.4,496.17,10
12.62,5,1,16.1,4,14.2,26,3.7,43.5,0,3,460,10,0.3,26.93,10
11.81,21,1,16.9,4,12.2,26,3.6,40.8,0,3,864,9,1.01,75.22,10
12.53,2,2,16.6,4,14.9,22,3.9,46,24,3,620,10,1.26,107.68,9
10.13333,16,8,15.4,4,10.3,23,3.9,42,0,2,595,6,4.49,346.34,14
11.65714,21,14,15.4,2,11.2,22,3.9,33,67,2,609,7,5.19,520.96,11
10.86,23,13,16.4,0,13.9,22,3.8,31.3,0,4,566,11,4.05,167.85,7
10.876,14,14,15.8,2,13.5,16,3.3,24.7,3,1,554,6,2.77,524.4,11
11.15666,7,14,15.1,2,10.6,18,3.8,33.1,2,2,930,7,7.79,628.75,4
9.773333,21,7,14.6,1,10.8,24,3.7,43.1,0,4,717,10,1.04,94.04,8
13.09,23,2,16.2,1,12.3,16,3.7,44.3,0,3,782,10,0.14,32.65,7
12.3,11,11,16.6,1,11.6,23,4,30.1,0,3,911,9,0.42,39.3,4
12.236,21,13,15.8,0,12.4,18,3.9,17.6,1,3,605,8,4.85,496.22,15
11.822,12,5,16.4,4,10.7,18,3.8,35,1,2,1259,7,3.71,325.33,1
12.64333,19,11,16.2,1,13.2,17,3.7,35.2,2,3,670,9,4.7,293.83,9
9.95,7,13,15.2,0,13,23,3.8,34.2,1,2,1109,6,8.51,368.28,15
14.44,24,14,15,0,13.7,20,3,37.4,0,3,286,7,3.3,110.37,13
12.45,14,13,16.2,4,10.7,26,4.1,46.3,0,4,533,11,1.58,90.7,15
11.688,16,4,14.6,4,13.1,30,3.5,37.3,1,3,653,10,5.38,458.09,6
12.4725,24,7,15.5,1,13.7,24,3.4,34.2,2,3,700,9,1.32,200.44,13
10.53,16,4,14.3,2,9.1,24,3.9,21.3,0,2,455,8,1.8,165.48,9
9.605,21,7,14.9,3,8.3,29,3.5,29.1,1,2,414,6,3.61,259.89,8
11.965,16,13,16.7,3,13.3,16,3.6,27.8,0,2,210,9,1.26,160.6,10
10.92,14,14,15.6,2,14.5,20,3.9,52.6,0,3,745,8,1.78,228.44,9
13.695,17,5,15,5,11.3,20,3.8,29,0,3,835,7,1.95,138.29,9
11.874,11,2,15.3,3,10.2,16,3.7,41.9,1,3,940,7,5.12,398.97,4
13.12,11,11,16.3,1,13.1,23,3.8,43,0,2,576,8,1.08,135.9,4
12.675,2,7,15.8,0,17.1,14,3.8,34.1,1,3,922,10,3.4,456.14,9
15.09833,21,5,15.6,2,8.7,15,3.6,35.3,2,2,935,7,4.58,363.35,6
11.57,5,14,17.2,3,11.6,23,4.2,34.6,0,2,595,6,1.02,92.41,11
13.065,21,7,15.7,1,10.5,22,3.6,34.8,84,2,773,8,4.86,453.55,6
11.45,19,13,16.4,6,15.6,25,3.6,41.4,1,4,819,11,1.92,152.43,13
10.2275,15,2,15.6,4,12.8,27,3.9,45.9,4,3,375,6,4.47,203.54,7
13.50333,19,5,15.4,2,10.6,23,3.9,32,2,2,560,7,5.62,547.69,13
11.62,19,8,15.8,4,15.3,29,3.8,39.9,0,2,1474,7,3.52,202.94,5
14.12777,21,2,16.3,4,9.6,23,3.4,29,26,4,1353,10,5.52,736.77,11
13.72714,12,4,15.9,3,14.5,17,4.1,19.5,3,4,304,10,8.13,942.49,6
10.29,15,11,16.6,2,14,19,3.4,41.8,4,2,338,7,0.99,97.87,7
12.22,24,11,16,2,11.5,21,3.7,31,76,3,623,9,0.61,31.24,7
12.33714,21,7,14.6,1,9.7,23,3.4,38.4,41,3,412,7,6.1,546.75,8
12.09,7,5,15.8,5,13.4,24,4,33,1,2,800,6,2.25,212.72,11
11,16,1,16,4,15,24,3.9,39.7,0,3,1170,8,0.89,78.3,1
12.26,2,11,16.2,2,10.5,29,3.9,44.7,0,4,740,10,0.22,28.14,9
9.3425,5,2,17.1,5,11.1,21,3.5,36.9,0,2,381,6,3.48,355.43,11
9.75,12,14,15,2,12.9,22,3.9,30.9,0,3,443,7,0.91,93.86,10
12.17666,2,3,16,3,13.3,19,3.7,35.6,28,4,790,10,1.51,165.75,9
11.672,9,5,16.3,3,14.6,16,4,34.4,2,3,766,11,7.79,404.87,12
13.81666,12,8,17,3,12.3,21,4,29,0,4,499,11,1.33,137.74,14
11.68,14,5,15.8,1,9,18,3.5,51.4,34,3,1171,9,3.2,346.37,11
12.11333,16,4,16.6,5,16.4,19,3.9,30.8,2,3,514,11,6.93,735.04,12
11.74,24,2,17,4,12.4,26,3.7,29.3,0,4,497,11,0.43,41.75,13
12.8875,21,2,15.7,3,12.5,27,3.7,31.6,2,3,734,10,11.4,361.48,8
12.72,21,3,16.5,2,17.5,21,3.5,41,1,3,448,9,0.79,65.44,15
11.9,5,3,16.2,1,13.2,20,3.5,47,0,3,583,10,0.74,79.9,15
11.99555,2,2,16.2,0,9.2,21,3.9,44.4,4,3,457,9,3.89,515.01,9
9.4,21,14,14.9,3,11.3,24,3.2,36.6,0,2,1163,6,0.62,66.92,8
12.56,21,13,15,2,14.8,26,3.9,41.7,0,3,640,8,0.5,19.38,11
9.27,23,3,15.4,1,10.3,24,3.9,49.2,0,2,662,6,0.6,58.57,7
12.54666,7,7,14.9,5,7.7,30,4,36.3,0,3,563,9,1.13,76.28,15
10.918,23,13,16.4,3,13.2,26,3.9,36.3,1,4,1495,11,3.89,482.07,11
13.83,16,5,15.5,1,10.3,22,3.9,43.9,0,3,806,9,0.76,126.85,12
10.55,2,13,15.8,0,10.8,26,3.6,30.3,0,2,306,8,0.49,64.84,15
11.68,24,2,16,0,13.5,28,3.6,23.4,0,3,765,10,0.22,41,11
11.14,21,7,14.8,1,14.8,25,3.5,38.5,1,2,912,7,2.37,302.97,11
11.215,8,14,15.3,2,12.1,13,3.7,40.8,0,2,216,7,1.94,187.2,8
10.385,24,13,16.3,5,8.9,27,4.1,32,0,3,1130,11,1.46,109.54,13
12.09125,12,5,15.5,0,13.8,22,4,25,20,2,1222,7,6.9,848.38,10
12.96,3,14,15.8,0,12.1,19,3.9,45.3,0,3,420,9,0.25,29.65,1
13.71,16,14,14.8,0,13.1,17,3.9,37.4,0,2,494,7,1.45,43.55,12
12.02,21,4,14.9,3,8.4,24,4.1,19.4,3,2,624,6,2.23,275.84,8
13.77,12,5,15.6,2,12.9,16,3.6,43.1,93,4,661,9,3.18,133.09,1
11.50666,7,14,15.8,2,13.7,17,3.9,35.5,0,2,814,7,2.29,122.9,15
12.64666,13,2,17.4,3,14.9,22,3.8,29.8,24,4,1056,11,11.34,827.46,5
13.52,2,4,15.9,2,11.9,17,3.9,30.7,0,2,590,9,0.39,37.34,14
11.29666,16,7,16.4,0,12.8,22,4,36.6,1,2,1146,9,2.97,321.66,10
12.302,16,4,15.1,4,11.8,21,3.7,38,0,2,709,7,0.96,327.58,12
14.4,5,12,16.4,0,13.5,27,3.8,45.3,0,3,322,9,0.36,25.3,10
12.12,12,11,16.4,2,13.2,25,3.5,36.3,0,3,718,9,0.35,27.52,1
11.59333,22,7,14.9,2,11.5,17,4,37.6,2,4,524,10,6.33,673.89,2
11.26,7,14,15.8,3,14,26,3.8,36.1,0,3,1050,10,1.31,133.45,15
12.89,12,8,15.2,0,14.2,20,3.6,22.9,0,3,1031,9,2.02,114.9,5
